[
  {
    "id": "DefaultColor1",
    "primaryColor": "#545454",
    "secondaryColor": "#343434"
  },
  {
    "id": "DefaultColor2",
    "primaryColor": "#D50000",
    "secondaryColor": "#830000"
  },
  {
    "id": "DefaultColor3",
    "primaryColor": "#D54800",
    "secondaryColor": "#922500"
  },
  {
    "id": "DefaultColor4",
    "primaryColor": "#D57B00",
    "secondaryColor": "#A34C00"
  },
  {
    "id": "DefaultColor5",
    "primaryColor": "#EBAC00",
    "secondaryColor": "#A37700"
  },
  {
    "id": "DefaultColor6",
    "primaryColor": "#EBC400",
    "secondaryColor": "#A38800"
  },
  {
    "id": "DefaultColor7",
    "primaryColor": "#EBD900",
    "secondaryColor": "#A39600"
  },
  {
    "id": "DefaultColor8",
    "primaryColor": "#C2E900",
    "secondaryColor": "#88A300"
  },
  {
    "id": "DefaultColor9",
    "primaryColor": "#8EE900",
    "secondaryColor": "#62A300"
  },
  {
    "id": "DefaultColor10",
    "primaryColor": "#00E900",
    "secondaryColor": "#00A300"
  },
  {
    "id": "DefaultColor11",
    "primaryColor": "#00E98E",
    "secondaryColor": "#00A362"
  },
  {
    "id": "DefaultColor12",
    "primaryColor": "#00E9C2",
    "secondaryColor": "#00A388"
  },
  {
    "id": "DefaultColor13",
    "primaryColor": "#00E9E9",
    "secondaryColor": "#00A3A3"
  },
  {
    "id": "DefaultColor14",
    "primaryColor": "#00C2E9",
    "secondaryColor": "#0088A3"
  },
  {
    "id": "DefaultColor15",
    "primaryColor": "#008EE9",
    "secondaryColor": "#0062A3"
  },
  {
    "id": "DefaultColor16",
    "primaryColor": "#0000E9",
    "secondaryColor": "#0000A3"
  },
  {
    "id": "DefaultColor17",
    "primaryColor": "#8E00E9",
    "secondaryColor": "#6200A3"
  },
  {
    "id": "DefaultColor18",
    "primaryColor": "#C200E9",
    "secondaryColor": "#8800A3"
  },
  {
    "id": "DefaultColor19",
    "primaryColor": "#E900E9",
    "secondaryColor": "#A300A3"
  },
  {
    "id": "DefaultColor20",
    "primaryColor": "#E900C2",
    "secondaryColor": "#A30088"
  },
  {
    "id": "DefaultColor21",
    "primaryColor": "#E9008E",
    "secondaryColor": "#A30062"
  },
  {
    "id": "DefaultColor22",
    "primaryColor": "#1B1B1B",
    "secondaryColor": "#0E0E0E"
  },
  {
    "id": "DefaultColor23",
    "primaryColor": "#CCCCCC",
    "secondaryColor": "#AAAAAA"
  },
  {
    "id": "DefaultColor24",
    "primaryColor": "#550000",
    "secondaryColor": "#330000"
  },
  {
    "id": "DefaultColor25",
    "primaryColor": "#FF6C6C",
    "secondaryColor": "#FF5D5D"
  },
  {
    "id": "DefaultColor26",
    "primaryColor": "#FFBA67",
    "secondaryColor": "#FF9849"
  },
  {
    "id": "DefaultColor27",
    "primaryColor": "#552D00",
    "secondaryColor": "#421900"
  },
  {
    "id": "DefaultColor28",
    "primaryColor": "#FFCF94",
    "secondaryColor": "#FFC36A"
  },
  {
    "id": "DefaultColor29",
    "primaryColor": "#554400",
    "secondaryColor": "#422C00"
  },
  {
    "id": "DefaultColor30",
    "primaryColor": "#4C5500",
    "secondaryColor": "#354200"
  },
  {
    "id": "DefaultColor31",
    "primaryColor": "#BDFF6C",
    "secondaryColor": "#91BD43"
  },
  {
    "id": "DefaultColor32",
    "primaryColor": "#355500",
    "secondaryColor": "#234200"
  },
  {
    "id": "DefaultColor33",
    "primaryColor": "#005500",
    "secondaryColor": "#004200"
  },
  {
    "id": "DefaultColor34",
    "primaryColor": "#94FF94",
    "secondaryColor": "#6AFF6A"
  },
  {
    "id": "DefaultColor35",
    "primaryColor": "#94FFE9",
    "secondaryColor": "#6AFFDD"
  },
  {
    "id": "DefaultColor36",
    "primaryColor": "#00554E",
    "secondaryColor": "#004235"
  },
  {
    "id": "DefaultColor37",
    "primaryColor": "#003655",
    "secondaryColor": "#002342"
  },
  {
    "id": "DefaultColor38",
    "primaryColor": "#000055",
    "secondaryColor": "#000042"
  },
  {
    "id": "DefaultColor39",
    "primaryColor": "#9494FF",
    "secondaryColor": "#6A6AFF"
  },
  {
    "id": "DefaultColor40",
    "primaryColor": "#360055",
    "secondaryColor": "#230042"
  },
  {
    "id": "DefaultColor41",
    "primaryColor": "#BD94FF",
    "secondaryColor": "#A26AFF"
  },
  {
    "id": "DefaultColor42",
    "primaryColor": "#4E0055",
    "secondaryColor": "#350042"
  },
  {
    "id": "DefaultColor43",
    "primaryColor": "#550036",
    "secondaryColor": "#420023"
  },
  {
    "id": "DefaultColor44",
    "primaryColor": "#FF94E9",
    "secondaryColor": "#FF6ADD"
  }
]
